home-account-other-search-home-end,3
other-search-other-search-product-search,22
other-product-account-product-account-product,344
account-search-home-account-end,4
home-product-product-home-account-home,2224
account-account-account-account-end,7059
home-search-home-home-search-search,725
product-product-other-home-other-product,42
home-account-account-account-other-product,6649
product-home-home-home-other-end,30
account-account-search-home-home-account,1
home-other-account-product-product-product,2213
account-home-home-search-search-end,8
product-home-other-search-home-end,1
account-product-account-account-account-search,146
other-product-product-other-other-other,526
product-home-home-other-account-account,147
account-account-home-search-search-search,88
other-product-product-search-other-search,8
home-account-other-home-home-search,32
account-product-search-home-product-search,3
home-other-home-account-home-account,115
other-other-account-home-account-product,10
product-account-product-home-other-end,19
home-account-search-other-home-home,1
product-product-search-end,12207
other-other-account-home-account-home,8
product-account-search-home-search-product,18
product-product-home-other-search-search,26
account-account-other-other-search-home,2
product-home-account-product-other-account,16
product-home-home-product-product-end,3123
home-other-product-search-other-product,125
other-other-other-product-account-product,284
home-product-product-product-home-home,10491
home-search-account-account-home-product,1723
product-product-other-home-product-home,129
account-home-product-home-search-account,61
other-home-account-account-search-search,2
account-account-product-account-home-home,60
home-other-account-home-product-home,429
home-home-search-product-home-product,5917
other-home-product-other-search-search,9
home-search-search-product-home-other,830
product-search-home-product-product-other,9
product-product-home-other-other-search,57
product-home-other-other-product-product,1164
account-search-search-search-search-home,6
home-home-product-search-product-home,2819
product-product-account-other-home-account,16
account-home-product-account-account-account,497
product-account-home-home-home-end,35
product-account-other-search-account-end,8
product-product-product-other-search-product,378
home-home-search-home-account-search,27
account-search-search-search-other-end,1
account-home-product-account-search-end,2
account-account-product-search-search-account,89
home-other-search-other-product-other,38
account-home-home-home-home-product,111
home-other-search-other-home-home,3
other-search-product-other-home-product,18
home-home-account-search-other-account,2
other-account-product-other-account-end,15
home-product-account-account-search-other,15
product-product-search-product-other-home,37
home-search-account-product-product-other,470
account-account-product-home-home-search,68
home-search-other-other-product-home,74
product-other-home-product-product-home,91
account-home-account-account-home-home,39
home-other-search-account-home-search,20
product-product-product-product-search-home,529
product-home-account-other-account-search,2
home-product-account-product-home-account,2330
home-other-account-product-other-other,311
account-search-product-home-other-product,3
account-product-other-search-account-account,9
home-home-search-search-account-home,160
product-other-product-search-account-product,44
account-account-home-search-product-account,79
home-other-product-search-home-end,24
account-home-account-other-product-product,69
account-account-product-home-account-end,61
account-home-search-home-product-account,4
other-home-search-search-product-search,94
product-other-other-other-search-other,7
home-other-search-other-product-search,13
account-other-other-product-other-product,130
other-home-search-home-other-other,2
product-home-product-search-other-end,3
other-product-product-search-search-home,1
account-search-account-home-product-home,15
other-search-account-other-product-product,53
home-other-product-other-search-account,68
product-home-home-other-other-other,534
product-account-account-home-search-product,663
account-other-home-other-search-end,1
home-search-product-home-product-home,16513
home-search-other-other-account-search,7
other-search-home-search-product-end,10
account-account-product-search-other-end,1
account-search-product-other-product-account,12
home-product-home-search-home-home,298
home-search-account-other-search-other,6
account-account-other-search-account-product,22
home-search-other-other-other-other,383
home-account-other-product-other-account,143
product-other-account-home-other-other,12
home-account-home-account-account-search,141
product-account-account-product-search-home,40
account-home-other-home-home-search,1
other-search-search-account-account-home,4
home-account-product-account-account-account,5517
home-product-product-product-search-home,890
account-home-account-product-search-end,3
account-home-other-other-other-home,52
other-account-end,3788
product-home-search-account-product-end,1102
product-search-account-home-home-account,9
account-search-product-other-other-home,6
home-home-search-search-search-home,579
product-product-product-other-home-home,53
home-account-product-home-product-account,1953
product-other-product-other-account-search,5
other-account-account-account-home-search,12
product-other-other-product-product-account,316
other-home-home-search-search-product,35
product-other-account-account-product-account,190
other-account-account-home-other-product,9
product-product-account-home-account-end,73
other-other-search-search-account-account,49
account-account-account-home-account-account,434
account-search-account-other-other-home,2
account-account-other-search-account-other,6
product-product-other-product-other-other,288
account-account-other-account-account-home,42
product-other-product-account-home-other,11
home-home-search-home-other-product,44
other-other-product-account-account-product,470
account-account-home-other-other-other,104
account-account-account-search-product-home,33
product-account-search-account-search-home,2
home-home-search-product-other-other,549
other-home-other-other-other-home,27
account-other-product-home-other-product,14
product-home-home-other-search-product,65
product-product-product-search-home-end,118
product-product-other-account-account-search,22
home-product-other-home-search-product,502
account-account-account-search-account-other,25
home-other-home-product-other-account,58
home-home-other-other-search-search,261
product-home-product-product-home-other,373
home-other-search-product-search-home,29
other-product-search-search-account-home,2
account-other-account-product-account-other,46
other-product-search-search-product-account,44
home-home-home-account-other-search,33
product-other-account-search-home-end,1
other-home-other-search-product-account,3
product-product-account-search-other-product,6
account-search-product-other-other-end,11
product-other-home-account-home-home,2
account-search-search-product-product-product,1627
account-product-search-home-account-account,5
product-search-account-account-account-product,1506
other-account-home-account-product-end,6
account-account-home-other-home-home,9
other-product-home-search-account-account,68
other-home-account-search-account-account,5
home-other-account-search-search-other,4
home-product-search-product-account-account,4093
product-home-other-home-search-end,6
product-home-product-product-product-home,8866
home-account-search-home-product-search,9
home-search-account-search-home-other,2
account-home-home-home-home-account,58
account-other-product-product-other-product,151
product-other-product-account-product-product,440
other-search-product-other-search-product,373
product-account-other-other-product-end,388
home-search-search-product-product-search,63903
product-other-search-account-product-search,16
other-other-search-other-product-home,2
product-account-home-home-end,325
home-search-home-other-account-end,7
home-product-home-search-search-account,1594
account-home-home-product-product-other,12
home-home-other-search-search-product,443
account-account-home-home-home-product,62
account-account-account-product-search-account,281
other-product-product-home-other-end,27
account-account-account-product-search-other,3
home-account-product-account-home-home,268
other-account-search-account-product-other,4
product-product-account-search-account-account,396
home-home-search-product-product-other,900
product-account-account-search-other-other,4
home-account-search-search-search-account,157
home-product-product-search-product-home,8267
home-account-other-search-end,32
product-account-home-account-home-account,77
product-home-search-other-other-end,13
other-other-product-home-search-account,22
product-home-product-other-account-end,26
home-product-home-other-search-account,67
product-other-home-account-product-search,8
home-search-account-other-product-product,3688
other-other-other-account-account-product,376
other-home-other-product-home-account,4
account-product-search-product-other-end,3
account-search-product-home-search-account,19
account-other-account-other-other-end,80
account-account-product-other-search-search,8
account-search-account-product-product-home,45
account-product-product-product-home-product,944
product-other-product-product-search-home,4
product-other-search-product-product-other,77
product-home-product-account-other-product,385
home-other-account-product-product-search,187
home-product-home-home-end,21544
account-search-account-home-home-search,6
product-home-account-other-other-end,123
product-account-account-account-account-home,766
other-account-search-account-home-search,1
account-other-search-home-other-other,1
home-account-account-other-product-product,4145
other-home-product-home-home-product,104
other-home-product-other-account-other,1
home-home-home-search-account-search,291
product-account-other-home-home-product,18
home-product-account-account-search-search,706
product-product-search-product-account-account,1887
home-home-other-search-product-account,118
other-home-search-search-search-other,5
account-product-account-product-home-other,20
home-product-account-other-product-search,265
home-account-product-other-other-home,254
product-search-home-account-search-product,6
product-other-other-home-product-product,244
home-home-account-search-search-other,4
other-home-home-account-other-other,9
account-other-other-account-account-product,182
account-other-product-account-other-search,4
home-search-other-product-search-other,22
other-home-product-product-search-end,11
product-product-search-product-product-product,74513
account-home-product-home-home-search,36
home-home-search-product-account-end,731
product-home-other-account-search-end,2
account-account-product-other-product-end,116
other-product-product-home-other-product,96
account-product-product-other-end,167
account-other-product-search-search-end,7
product-product-other-search-account-account,65
home-other-account-product-search-home,4
other-account-home-search-search-search,1
other-home-home-other-end,80
home-account-home-home-account-search,52
home-search-other-other-search-product,134
account-search-search-search-product-search,305
product-account-other-product-home-end,50
product-home-product-search-home-end,49
other-other-product-product-product-home,139
other-search-search-account-product-account,17
other-account-other-product-product-other,22
other-product-other-account-product-product,130
product-home-search-search-account-product,516
product-account-account-account-search-product,636
account-home-account-product-other-account,5
home-search-product-search-search-product,102188
home-home-other-other-search-product,793
other-other-other-account-home-product,46
account-other-home-account-search-home,1
home-search-home-home-home-other,34
home-home-end,385334
product-other-account-search-account-other,2
product-search-home-home-other-other,10
home-home-home-product-account-search,211
product-home-product-home-other-product,515
account-account-home-search-product-product,478
other-product-home-home-home-end,13
home-search-search-product-account-search,1241
home-account-other-search-other-product,7
product-product-account-search-home-product,15
home-other-other-home-product-end,1357
other-home-search-product-home-home,15
product-other-search-other-search-product,10
product-other-home-other-account-search,1
home-account-account-account-end,9126
product-product-account-account-product-product,18321
home-product-product-home-account-end,1861
account-account-search-other-search-product,5
product-other-other-product-account-product,307
account-product-account-account-search-end,18
home-account-search-product-home-other,34
product-product-account-other-product-search,115
product-account-home-account-search-search,13
other-account-home-account-end,14
account-search-product-product-other-account,14
product-product-other-product-end,3851
account-search-search-other-account-account,1
product-home-other-search-account-end,4
account-product-other-product-other-product,77
home-other-product-product-product-home,4050
home-product-home-search-product-other,494
account-other-product-home-search-product,38
product-other-account-product-home-home,10
account-account-product-account-search-product,215
account-product-product-account-account-home,122
home-product-product-product-other-home,771
home-account-home-product-product-other,67
home-search-account-home-other-product,79
product-product-search-search-product-home,1147
home-account-product-product-account-end,1316
product-search-home-home-search-product,112
home-account-search-search-search-product,780
account-other-home-search-account-account,14
home-product-product-search-account-product,7269
product-home-home-account-account-other,72
product-account-product-product-home-end,845
account-home-other-home-product-home,54
home-account-home-home-home-search,159
account-search-search-home-home-product,3
home-home-account-other-search-product,97
account-home-account-other-other-account,23
product-other-product-product-end,5280
product-other-account-home-other-product,4
account-other-other-other-product-end,478
home-home-product-product-home-other,961
other-other-home-other-other-home,72
account-account-account-home-product-product,573
other-home-other-product-other-end,15
other-search-other-other-product-account,1
account-account-search-other-product-end,2
product-home-account-other-other-product,189
home-search-other-product-search-product,417
other-product-other-home-other-other,17
product-account-product-product-account-search,245
product-product-home-account-other-product,230
other-home-search-product-product-product,614
account-home-home-account-search-product,11
home-other-account-account-home-home,241
product-home-account-home-home-search,42
home-other-other-account-search-end,20
other-account-other-product-search-end,2
product-product-account-home-search-end,26
home-other-search-product-search-other,43
other-product-other-product-product-search,215
account-home-other-home-other-other,6
product-product-account-product-end,17242
other-home-other-product-product-product,175
other-home-home-other-home-product,22
account-account-home-other-end,56
home-account-account-account-other-account,854
product-search-account-other-other-other,40
product-home-search-home-search-other,2
account-other-search-home-search-account,1
product-account-home-search-home-product,16
other-other-other-search-other-search,5
home-home-search-other-other-product,126
product-account-other-other-search-home,3
other-home-product-home-other-product,43
account-search-product-home-account-account,24
product-other-search-search-product-other,25
account-search-product-product-search-search,463
product-product-search-account-product-account,707
other-other-search-search-product-account,36
home-product-account-account-product-search,4370
other-search-other-other-other-other,13
account-home-search-home-account-product,4
home-home-search-search-account-product,1291
other-product-account-product-product-end,323
product-other-other-search-home-product,2
account-product-search-search-product-home,36
product-other-home-account-other-search,2
other-other-home-account-home-other,6
account-home-home-account-other-end,3
home-search-home-search-product-home,1886
account-home-search-home-product-product,19
other-search-search-search-account-end,7
product-home-home-search-home-account,29
home-account-product-other-home-search,45
account-search-account-home-account-account,9
product-product-home-home-search-other,10
product-account-other-home-other-account,6
home-account-account-account-home-home,822
other-account-product-product-account-other,21
account-product-search-search-search-product,247
product-other-other-product-end,3464
home-search-home-search-search-account,276
home-search-other-product-home-account,14
home-product-search-product-home-end,3964
product-search-home-home-search-end,10
account-other-home-account-product-search,4
other-search-account-account-account-home,4
other-home-other-search-product-search,14
product-search-other-account-account-other,1
home-product-other-product-product-account,899
other-search-account-product-home-search,3
other-search-product-search-search-end,56
home-home-search-account-other-search,35
home-account-product-home-home-end,571
other-home-product-product-account-search,5
account-search-account-home-product-account,11
home-account-search-account-product-other,28
other-account-product-account-other-search,1
product-home-product-account-end,2659
other-search-account-search-other-other,1
home-product-search-other-account-search,3
product-account-product-product-account-account,3063
product-other-account-other-product-home,12
account-search-search-account-search-end,4
account-product-other-product-home-search,7
other-other-search-product-search-other,13
home-account-home-product-other-product,97
other-other-product-account-search-home,1
account-product-search-other-product-home,1
product-account-account-account-account-search,517
account-home-home-home-home-home,205
home-other-product-product-search-end,161
account-product-product-product-account-account,2069
other-product-home-search-home-search,9
account-product-home-account-search-end,4
product-other-search-account-product-other,7
account-home-other-home-account-product,7
account-product-home-other-other-search,2
account-home-product-product-other-product,38
other-product-search-account-product-account,36
home-account-product-home-account-search,199
home-search-product-search-home-other,151
account-other-account-product-search-account,12
home-other-search-home-home-other,6
other-product-product-search-search-account,27
product-home-other-product-other-home,41
account-product-home-other-search-account,2
other-other-other-home-search-account,23
product-product-other-account-search-home,1
other-product-other-other-other-end,426
account-search-home-search-account-search,3
account-other-product-home-product-home,30
other-home-account-product-home-home,2
other-other-product-other-home-home,12
account-product-other-other-other-other,234
home-account-search-other-other-search,5
product-search-account-search-home-search,7
other-search-account-home-other-product,1
account-product-search-account-product-end,272
account-product-product-product-product-end,7864
other-product-account-product-other-search,24
other-other-account-home-home-home,4
product-other-home-other-other-product,39
account-other-home-product-other-home,6
other-search-product-product-home-search,56
account-other-home-product-product-end,69
other-home-other-home-product-home,88
home-product-product-home-other-account,519
home-product-product-product-product-end,241849
home-search-home-account-account-account,311
other-home-home-product-end,210
home-search-product-search-account-home,447
product-product-search-account-home-account,20
account-home-other-account-product-account,15
product-other-product-search-other-product,9
other-account-account-home-other-other,9
account-search-product-product-account-account,361
home-account-search-product-product-product,5731
product-other-product-other-other-home,32
product-product-home-product-product-home,7504
other-product-other-account-other-home,2
home-product-search-end,15883
product-other-home-search-product-end,95
home-search-home-home-home-end,173
home-account-other-other-search-search,96
home-search-account-product-home-account,879
other-account-product-account-home-home,2
other-product-product-search-account-home,2
home-product-product-other-product-search,847
product-account-account-search-account-home,27
account-search-product-search-account-search,48
other-other-home-product-account-search,5
home-search-search-end,70629
home-other-search-home-end,34
account-other-product-other-home-end,8
account-account-search-product-search-search,135
other-home-product-product-other-other,40
account-home-product-account-account-home,159
home-product-account-search-end,321
home-search-other-account-search-search,4
product-other-account-other-other-account,54
home-other-other-other-home-other,1371
other-product-home-account-account-home,11
account-other-search-product-product-home,4
home-home-search-product-home-end,4128
other-other-other-search-search-account,31
home-home-search-home-home-other,40
other-product-account-account-account-account,657
other-account-product-product-search-product,53
product-account-account-home-search-other,4
home-product-account-home-account-account,1646
home-search-other-account-product-end,28
account-search-other-other-account-product,2
account-home-product-home-home-end,71
home-home-account-home-search-end,40
product-product-home-other-other-end,316
home-product-account-search-search-product,1156
account-product-home-home-search-end,4
product-account-product-account-search-other,2
home-home-home-other-account-end,162
home-home-account-search-search-product,419
home-search-account-home-other-other,77
home-product-search-other-end,71
other-home-search-search-account-account,13
account-product-search-search-account-account,98
account-account-account-product-other-other,226
product-product-account-search-product-account,286
account-other-other-home-search-account,19
other-other-product-search-home-product,2
other-home-home-home-home-other,19
product-home-search-product-other-product,327
other-product-other-account-search-product,7
home-other-account-end,8189
account-other-product-account-product-end,101
home-account-account-other-search-product,167
home-search-home-account-search-product,97
other-account-account-other-product-end,66
other-product-other-search-home-home,1
product-search-account-product-search-home,4
other-account-search-other-search-account,1
account-product-home-home-product-search,19
account-other-account-search-search-end,4
home-other-home-other-account-home,60
account-account-other-other-product-other,222
account-other-other-other-other-product,454
product-product-home-product-search-product,4628
account-product-home-home-home-account,28
account-home-product-account-other-home,9
account-account-product-product-account-search,150
other-other-account-search-account-search,1
product-other-account-account-product-other,59
home-home-search-product-other-product,956
product-account-search-product-account-account,229
other-account-account-search-search-account,5
product-product-product-home-search-search,4157
account.account.account.account.account.account,22781
account-account-home-search-home-product,8
account-home-search-search-search-account,44
other-product-account-other-other-home,12
other-home-home-product-search-other,1
home-search-product-account-other-end,242
home-home-product-home-account-home,2186
other-product-account-account-home-account,11
other-search-product-search-other-other,19
home-home-other-search-search-account,37
other-other-product-account-product-end,189
home-product-home-account-product-product,13218
account-other-home-search-account-end,5
account-product-other-other-account-account,88
account-account-home-product-search-search,43
home-search-other-search-search-home,10
product-account-product-account-home-end,201
product-product-home-account-home-account,217
home-account-other-search-product-other,15
account-product-product-other-search-other,2
account-home-other-home-other-account,3
account-other-home-account-account-other,11
account-other-home-other-home-home,2
home-other-other-account-product-home,237
home-other-home-account-other-product,81
account-home-other-account-product-home,10
account-other-other-product-home-account,28
other-other-product-product-search-product,408
product-account-product-other-account-other,26
account-search-product-other-product-other,8
home-product-product-account-other-account,415
product-home-account-search-other-search,1
product-home-home-home-other-product,151
home-search-search-product-home-account,1359
account-home-account-search-product-account,11
product-other-product-account-home-product,42
product-other-other-account-other-product,62
other-home-product-product-account-product,117
other-product-other-other-search-end,17
other-search-search-account-search-other,1
home-search-other-other-end,278
product-product-search-account-home-end,43
other-search-product-other-account-other,5
other-home-search-product-product-account,25
product-home-home-product-home-other,122
product-product-account-search-product-search,430
home-account-home-other-account-search,4
account-account-product-home-account-home,49
product-search-account-product-other-home,8
product-other-search-other-other-other,1
product-product-other-product-product-product,6674
other-other-home-account-product-search,4
home-product-product-other-account-search,55
home-product-account-home-product-end,4359
account-search-home-product-search-product,14
account-home-home-account-account-home,58
home-home-other-home-other-end,91
other-other-home-search-other-account,1
account-other-product-other-other-product,104
product-product-search-product-product-other,655
other-search-product-home-other-other,11
product-other-search-search-account-product,15
home-product-search-search-account-product,1831
other-account-other-account-product-search,4
other-other-search-other-other-account,3
account-product-product-product-product-product,27927
other-search-other-other-other-search,2
product-account-account-search-search-search,252
home-other-product-search-product-other,863
account-account-account-other-other-end,239
account-search-other-other-end,5
product-account-home-home-account-product,85
home-account-home-product-end,5950
home-home-account-search-other-product,5
other-home-account-product-search-product,18
product-product-other-account-account-home,41
home-product-home-product-product-home,52427
other-other-product-search-account-end,6
other-other-search-account-product-other,23
product-product-account-search-product-product,1513
other-account-product-account-home-account,1
product-account-account-other-account-home,17
product-account-account-other-product-other,126
other-product-account-account-product-home,52
product-other-home-account-search-search,1
other-home-other-search-account-account,5
product-search-home-product-search-home,12
other-other-home-other-search-other,2
home-search-search-home-account-product,277
home-account-account-search-account-product,959
home-search-product-other-other-search,348
account-other-other-account-search-other,2
account-product-other-other-account-search,5
home-home-product-home-other-search,98
account-search-product-search-search-other,7
other-product-search-account-product-search,32
other-search-other-search-search-search,10
home-search-home-search-other-other,23
account-product-other-other-product-other,104
product-home-product-search-product-account,570
account-search-other-product-account-end,1
account-product-search-home-product-account,2
account-other-product-other-home-search,3
home-account-search-product-end,4693
home-other-search-search-home-other,7
product-home-search-home-other-home,6
home-account-product-other-product-account,211
product-other-product-search-account-home,3
home-product-account-account-other-search,86
other-other-search-search-other-end,3
home-search-other-other-search-other,24
product-search-home-product-product-home,121
product-account-other-account-search-search,13
home-other-other-other-home-end,2508
other-search-search-product-product-home,30
home-search-other-home-home-search,19
product-product-account-search-home-other,1
other-other-product-search-home-home,2
home-other-product-other-product-other,3996
product-home-home-other-account-product,62
account-product-search-product-product-search,527
home-search-product-search-search-home,1986
other-product-home-search-other-other,1
product-home-other-home-account-search,7
other-other-home-product-other-home,20
home-product-account-home-search-other,6
product-other-search-search-other-end,2
account-product-other-search-product-home,4
account-home-account-other-other-other,58
product-other-search-search-account-home,1
product-home-home-product-home-account,389
product-product-product-account-account-product,15586
product-product-account-product-other-search,33
home-product-search-home-account-home,30
home-home-other-product-home-home,599
account-account-other-product-account-home,14
prod,NA
other-product-product-account-product-product,715
product-product-product-product-home-search,12474
other-home-search-other-account-product,1
product-other-product-account-other-product,106
account-other-home-product-home-other,9
home-product-other-home-account-end,53
home-product-search-home-product-end,524
home-search-other-search-product-search,113
other-account-home-search-account-search,1
home-home-search-home-home-product,590
account-product-home-account-home-other,4
other-product-product-other-search-other,11
other-home-other-home-home-account,2
product-other-account-account-account-product,273
account-home-account-home-search-search,13
account-home-home-product-home-end,116
other-home-product-product-account-account,127
home-account-search-product-product-other,51
product-home-search-home-home-home,119
home-account-product-account-other-product,638
account-home-product-other-account-search,1
home-home-account-other-search-other,3
home-account-other-account-account-other,169
home-home-home-other-other-account,601
home-other-account-other-account-home,96
home-search-product-other-account-home,63
other-account-other-home-other-other,9
other-product-product-product-product-search,1140
other-other-product-home-product-other,26
product-other-search-account-product-account,32
other-other-product-account-home-other,6
home-account-product-other-account-end,85
home-home-search-home-other-other,49
other-home-home-other-account-home,5
other-search-product-account-home-product,1
product-search-home-other-search-home,1
product-product-account-search-search-end,51
product-product-product-product-search-account,3178
other-other-other-account-other-home,15
home-search-product-product-product-product,795266
product-product-account-search-other-account,1
product-home-product-search-account-product,813
account-search-other-account-other-product,1
product-other-search-search-search-home,5
product-account-account-other-account-end,75
home-other-home-product-product-account,623
product-product-account-other-end,581
other-home-search-search-end,51
other-home-account-other-product-product,24
other-account-search-account-other-end,3
other-search-other-other-other-product,11
account-account-home-search-product-end,212
other-other-product-account-other-search,8
home-home-account-other-home-home,95
account-product-home-search-search-account,50
home-account-other-product-home-end,266
other-product-home-search-account-other,5
account-product-account-home-other-account,14
other-search-search-product-account-account,66
other-home-home-account-product-other,2
other-other-home-other-account-product,5
home-account-account-end,32747
home-account-product-other-home-other,18
home-search-product-other-home-account,52
product-product-home-search-product-other,172
home-other-account-other-other-home,439
other-home-other-search-account-search,2
other-other-home-product-product-home,108
home-search-product-other-search-other,16
account-product-product-search-account-account,322
product-other-home-account-other-other,5
home-other-account-other-product-end,295
account-other-account-account-other-home,6
product-home-home-account-other-product,77
account-other-account-search-product-home,5
product-search-home-search-end,150
home-home-account-home-other-search,8
product-search-home-account-account-account,39
product-account-other-search-home-product,1
home-product-search-home-home-search,128
other-account-product-other-account-search,4
other-home-other-end,370
product-product-search-search-search-home,123
other-account-other-other-product-end,57
other-other-search-product-account-home,1
account-product-search-search-end,112
product-product-home-account-other-end,31
home-search-other-home-product-product,55
home-other-account-search-end,45
account-home-other-home-other-home,6
product-account-search-home-product-account,2
home-search-other-other-product-account,59
account-other-other-other-search-search,39
home-home-account-search-product-other,23
home-search-product-other-home-end,142
product-account-account-account-end,6564
product-product-account-home-search-other,5
account-other-search-other-search-account,1
home-account-home-other-product-account,68
home-account-home-product-home-end,1267
account-home-home-search-search-account,14
account-account-search-account-search-search,26
other-other-product-search-search-home,4
home-other-account-other-account-product,188
product-account-account-account-home-search,270
account-home-home-account-home-end,31
home-product-product-end,877057
other-search-product-account-other-account,8
home-search-product-home-end,47363
product-other-other-other-home-account,62
other-other-product-search-search-account,8
other-other-other-account-home-other,21
home-search-account-account-home-end,1145
home-account-search-product-product-search,1544
product-product-product-other-account-home,39
home-search-other-account-end,55
product-other-account-search-product-account,14
product-home-home-product-account-home,219
home-search-other-search-other-other,6
other-account-product-search-search-product,18
other-account-home-product-product-other,2
product-home-search-account-other-product,250
account-search-home-home-account-account,3
account-product-other-account-other-product,11
account-product-other-product-product-search,30
account-other-home-search-account-other,3
other-other-account-other-other-home,31
home-search-other-product-search-search,122
home-account-product-account-other-other,566
other-search-account-search-product-product,19
home-product-account-home-product-home,5446
home-home-other-other-other-other,6849
account-account-account-product-account-account,3948
home-account-account-home-account-search,141
other-home-search-other-product-search,2
other-account-account-product-home-end,25
product-search-home-product-account-product,64
home-other-home-other-search-account,30
home-other-other-account-search-search,79
account-other-search-search-search-end,4
account-home-product-account-search-product,94
product-product-product-other-product-other,617
other-search-search-home-product-product,4
home-search-account-account-account-home,1437
home-product-search-home-home-end,65
other-other-product-product-other-product,804
home-search-search-account-product-product,7226
account-account-home-other-account-home,7
account-product-product-search-product-other,25
account-other-account-account-search-product,31
other-search-product-account-home-home,1
account-other-home-account-other-product,3
other-search-account-search-account-product,23
account-search-account-product-other-search,1
account-home-home-account-product-product,97
product-account-search-product-product-other,29
home-product-product-search-product-search,26088
product-other-account-other-home-account,2
product-product-other-other-home-other,79
product-other-home-search-home-product,4
product-search-home-account-search-search,3
product-other-search-search-other-other,5
other-home-account-product-other-end,2
home-other-account-other-product-search,52
other-home-account-home-account-product,3
product-search-account-other-search-account,10
product-other-product-search-other-other,3
other-home-search-home-home-product,4
other-search-product-search-end,200
account-home-other-other-home-end,27
account-account-home-search-account-other,6
account-account-product-home-product-other,34
home-other-home-account-account-home,281
account-product-home-account-other-other,20
home-product-other-home-home-search,65
other-product-product-other-search-account,60
other-other-home-search-end,29
home-other-search-product-product-account,235
product-home-search-account-account-search,301
account-search-account-search-product-home,7
account-search-product-product-other-other,43
other-search-account-search-search-end,2
account-home-account-account-home-product,115
home-product-home-product-end,197504
account-account-product-search-home-search,9
product-account-product-search-product-account,468
home-home-other-account-search-account,112
home-account-search-search-home-search,43
account-home-other-home-search-home,1
home-product-search-other-account-product,20
product-account-search-other-product-home,2
home-account-product-product-home-search,2137
other-search-search-search-account-search,8
product-product-product-home-home-home,1218
product-home-other-home-product-other,26
other-other-home-search-product-account,24
other-other-product-search-home-search,3
home-account-product-other-home-end,77
product-home-product-search-home-account,20
other-home-home-other-search-product,9
home-other-other-home-home-end,463
other-home-search-product-search-end,18
account-home-other-home-search-search,5
account-product-account-account-search-product,190
product-home-search-other-product-other,9
account-other-product-product-search-account,27
account-home-account-account-other-home,13
account-product-search-other-other-account,1
other-product-home-search-product-search,111
other-account-account-search-home-home,1
home-other-product-account-product-product,2439
home-home-search-home-search-other,8
other-product-other-search-account-end,20
product-other-account-product-other-product,43
other-product-product-account-account-account,517
home-other-account-product-home-account,219
other-home-search-account-account-other,6
home-home-product-other-account-search,31
other-account-home-other-end,15
product-home-home-other-home-home,72
home-product-account-account-product-end,17784
home-product-search-search-other-other,71
account-home-product-product-product-search,217
other-home-other-account-product-product,9
account-product-home-other-other-home,19
home-product-search-account-home-other,31
other-search-search-product-other-account,8
other-account-product-account-home-product,8
account-account-product-account-other-search,6
other-account-search-other-product-search,1
home-other-account-search-product-end,193
other-other-other-product-search-account,33
home-search-other-account-product-product,58
other-product-product-home-product-home,122
home-other-other-other-home-product,3560
account-product-account-account-other-other,182
home-other-account-account-search-account,234
product-product-product-other-other-home,219
product-account-home-other-account-end,8
account-other-other-other-product-product,664
home-account-other-account-end,542
account-product-product-search-home-account,1
home-account-home-account-account-account,1648
product-account-product-search-product-end,1210
home-product-home-search-home-account,203
home-search-search-home-other-product,137
account-account-search-product-other-product,17
other-search-account-product-account-search,11
other-other-account-search-other-search,1
other-search-search-other-search-end,3
account-account-other-other-product-account,213
other-home-product-product-home-other,42
home-product-other-product-account-home,147
home-account-home-account-home-product,894
home-account-home-search-other-search,4
account-product-account-account-product-product,2958
other-search-product-product-other-end,149
other-home-home-product-other-end,12
home-account-home-product-product-end,2059
product-product-search-home-product-other,8
product-account-other-home-other-end,4
other-other-home-home-account-search,1
other-search-other-product-search-home,1
home-search-search-product-search-home,1992
other-product-product-account-product-other,124
account-account-other-home-product-search,11
home-product-account-other-product-end,1862
account-account-product-account-product-account,2683
account-account-home-account-home-product,71
product-account-search-product-search-home,9
product-account-search-account-home-home,11
account-search-search-product-end,1658
other-other-account-account-other-product,123
account-account-product-home-product-product,804
other-other-other-home-other-account,8
account-account-home-other-account-other,7
home-product-account-search-home-search,44
other-product-product-account-product-end,292
account-other-product-search-account-other,6
product-home-home-home-product-end,870
home-account-other-account-product-product,479
account-account-account-other-other-product,488
other-account-search-product-account-account,14
other-product-account-home-account-home,4
home-product-search-other-account-other,9
account-home-account-home-account-product,45
product-product-home-account-product-end,963
product-other-account-account-account-home,52
other-other-account-account-product-product,469
product-account-account-product-other-other,466
home-search-other-product-product-end,626
account-account-other-home-account-search,4
account-account-home-search-product-home,68
account-account-product-home-other-product,44
product-search-account-product-product-account,650
home-home-product-search-search-product,5520
account-other-home-account-product-home,9
account-search-product-account-other-end,8
other-search-account-account-other-product,32
product-product-product-account-account-account,7640
account-search-product-product-product-account,584
home-account-home-other-other-account,110
home-home-account-home-account-search,57
home-search-home-account-search-account,51
other-search-other-account-search-account,1
product-other-account-product-other-account,30
other-product-product-other-end,2170
other-product-product-search-other-other,10
account-home-other-product-account-product,22
other-other-product-product-account-search,12
product-other-other-product-search-search,81
other-product-product-home-search-home,4
home-home-product-search-account-other,132
home-product-account-end,48383
other-account-other-end,483
home-product-home-home-other-other,974
home-account-home-product-account-end,296
other-product-home-other-other-product,62
